{
  "project_info": {
    "project_number": "476464369707",
    "project_id": "educationapp-5373f",
    "storage_bucket": "educationapp-5373f.firebasestorage.app"
  },
  "client": [
    {
      "client_info": {
        "mobilesdk_app_id": "1:476464369707:android:a469abebe6e48d0b9ada6e",
        "android_client_info": {
          "package_name": "com.example.educationapp"
        }
      },
      "oauth_client": [],
      "api_key": [
        {
          "current_key": "AIzaSyB_d4tLApNJIEP0geZCbI_vOQw1kM37GXI"
        }
      ],
      "services": {
        "appinvite_service": {
          "other_platform_oauth_client": []
        }
      }
    }
  ],
  "configuration_version": "1"
}